{
  "games_played": 1010420,
  "positions_trained": 796048896,
  "best_vs_random": 50.0,
  "best_vs_greedy": 50.0,
  "best_vs_minimax1": 0.0,
  "last_test_time": "2025-06-03T18:34:13.153117",
  "average_loss": 0.0,
  "loss_history": [
    0.08355542055427125,
    0.048595709435055645,
    0.09684555396679835,
    0.05246674804694958,
    0.21275625763059355,
    0.14338002570132535,
    0.20597473104232722,
    0.13442275557907282,
    0.270538128729362,
    0.13078068215866515,
    0.2755229409667824,
    0.16072286084382184,
    0.30427924727479794,
    0.19787587685655797,
    0.2696317629270212,
    0.1444224004181171,
    0.32076281454662375,
    0.20822781992914657,
    0.2887554238780595,
    0.2088165218621391,
    0.34627896318949697,
    0.2023440391546788,
    0.19318835453729508,
    0.10357545903054044,
    0.20226461866341292,
    0.11484486708429144,
    0.1853303486488908,
    0.10533783508069766,
    0.40351018094767155,
    0.2080770089581126,
    0.3413706178336778,
    0.20528206909512567,
    0.34472133769761293,
    0.2103748844463799,
    0.22527785831968075,
    0.1264222030240839,
    0.24622650315645597,
    0.14391678173626862,
    0.23964208141060228,
    0.14843297218515814,
    0.17025818095493916,
    0.07705625561277471,
    0.23942773675043452,
    0.1017157481792633,
    0.17157632836095857,
    0.08186348942961556,
    0.2106327993134918,
    0.11355185476948139,
    0.17705573467058788,
    0.0645822883092647,
    0.1850321365270057,
    0.0795976514322705,
    0.28995741344092085,
    0.11470985663574512,
    0.2861513724209252,
    0.1124364501955667,
    0.3373633789589429,
    0.1437008364965499,
    0.18699148333689747,
    0.08614374405933738,
    0.17148989605457604,
    0.06478178674040354,
    0.15972788273871183,
    0.05633278347867467,
    0.21609416072698695,
    0.1008255096646849,
    0.2586550131165611,
    0.11236315497769479,
    0.2138017549123712,
    0.08808791222145355,
    0.1363107393927734,
    0.05433081230276801,
    0.14095425389319863,
    0.050304816366230576,
    0.13417485390515096,
    0.045485297147425795,
    0.25131345787763437,
    0.11774950876085863,
    0.2533406901868352,
    0.13574951466840512,
    0.4262281313687387,
    0.18931710269849966,
    0.8371704359254494,
    0.7055950670465401,
    0.7737882470831238,
    0.58210127373902,
    0.7459522256225186,
    0.5100198758547898,
    0.47689264135677323,
    0.22008206584379655,
    0.35991599112611394,
    0.1308964188926219,
    0.3856521753937213,
    0.14801219007963848,
    0.26159257824168236,
    0.0838579430005189,
    0.24126832731700612,
    0.07483803752900053,
    0.2536270850547941,
    0.07782208971993361
  ],
  "generation_times": [
    66.507252,
    53.974022,
    64.868421,
    60.155628,
    53.950132,
    60.269069,
    44.918371,
    55.154484,
    53.869111,
    71.211096,
    73.052258,
    55.012711,
    59.085944,
    60.248615,
    65.74513,
    70.090495,
    64.625648,
    18.435824,
    23.391163,
    22.993764
  ],
  "best_vs_defensive": 100.0,
  "best_vs_minimax2": -1.0,
  "best_vs_mcts": -1.0,
  "best_vs_best1": -1.0,
  "best_vs_best2": -1.0,
  "best_vs_best3": -1.0,
  "best_vs_positional": 100.0,
  "best_vs_intermediate": 0.0,
  "best_vs_mobility": 100.0,
  "best_vs_territorial": 100.0,
  "training_time_ratio": 0.20380806256422573,
  "validation_losses": [
    0.48646793961787466,
    0.5018960506198873,
    0.89830497894615,
    0.5994647687242355,
    0.6503889647764557,
    0.8362160004592301,
    0.535868674384644,
    0.7124010419942276,
    0.6663940809022404,
    0.7440695216238896,
    0.835238382237548,
    0.7668313421566526,
    0.933005432087182,
    1.0027377930847576,
    0.9353808772793595,
    0.6894259396290511,
    0.6016308309062629,
    0.461446584447456,
    0.6675496308353841,
    0.8323007334819339,
    0.6383974593445141,
    0.6113350611687117,
    0.7210746216003989,
    0.9761313811365736,
    0.712911903589887,
    1.2093795750213103,
    0.5478595369312002,
    0.5492780805382292,
    0.5931059383121038,
    0.507208692275861,
    0.645700558511951,
    0.696497269873638,
    0.5558210229093397,
    0.5478603946451952,
    0.48328598752960483,
    0.5523694179517515,
    0.5777727465597724,
    0.4649018515768912,
    0.5049319206538191,
    0.5152142531204775,
    1.0568786625959445,
    0.8764439932200675,
    0.44911608013026155,
    0.7652154401846315,
    0.9222566832300946,
    1.1255864151979662,
    0.6137891456717953,
    0.8437133805544039,
    0.7748935144805155,
    0.9458668301935995,
    0.5298313388409822,
    2.461257661664117,
    0.549191427037525,
    0.453955196919839,
    0.7507814109345489,
    0.5729933064215998,
    0.5792168374722256,
    0.6165935243387665,
    0.5054416317584846,
    0.5455397034383302,
    0.4254400578341332,
    0.6455833531146383,
    0.5765836006275368,
    0.4986832551174576,
    0.6523591784999451,
    0.5699401414206026,
    0.8072600204559004,
    0.6710789122030423,
    0.44858258930981715,
    0.5917622259936437,
    0.6543735397378783,
    0.5602639362003557,
    0.476930075716573,
    0.4880170554346536,
    0.6541429868183022,
    0.48615493923638026,
    0.4676405977668226,
    0.607721738957999,
    0.5874665352786698,
    0.479542921094582,
    0.4905325120887129,
    0.6379545430719864,
    0.4935425131229956,
    0.5019918569857436,
    0.5758034832191906,
    0.5161074312713574,
    0.517145837677529,
    0.4378046139767083,
    0.5162532670855283,
    0.6069076840681462,
    0.5507217825606735,
    0.5464072142094358,
    0.6343940289865269,
    0.5739577766665375,
    0.5776678327809415,
    0.6025053183996115,
    0.6416740404675484,
    0.5358765009414266,
    0.4640485829913604,
    0.44681119868566244,
    0.5443082545753427,
    0.6592437074938665,
    0.49289236442111417,
    0.9446403184303747,
    0.7545153104288147,
    0.6858065309544146,
    0.7166420804045182,
    0.559510964627304,
    0.5515641956565295,
    0.6483583461957927,
    0.5139197733253476,
    0.6079926712097293,
    0.591539303585054,
    0.8202762465858652,
    0.5837044350856604,
    0.6435483805670066,
    0.5815372510404445,
    0.5080499624522209,
    0.7928818877919162,
    0.5861434795668249,
    0.7759485966058619,
    0.6004446335295563,
    0.5855803547001763,
    0.6935845702914328,
    0.6825227206425403,
    0.7700957484644365,
    0.674144074508915,
    0.6157839953769062,
    0.6932542822155131,
    0.8330434181811668,
    0.7484594822748432,
    0.6492193800418385,
    0.8103049522116388,
    1.093089759870461,
    0.9069387234591041,
    0.978562665507913,
    0.8359190310087119,
    0.6409002982527923,
    0.6730576532001951,
    1.0213224931349176,
    0.9382114448023902,
    0.6639256123022775,
    0.8250098583413848,
    1.1398400550507264,
    1.3391095697430442,
    0.5929933587013908,
    0.5472007390234167,
    0.5679452716919905,
    0.50731141002694,
    0.49379385188127145,
    0.6142487913036775,
    0.6880878735652088,
    0.5207534626332092,
    0.5118587854387928,
    0.9694709275379587,
    0.6226795976849107,
    0.8440571643493006,
    0.5097854411856297,
    0.7432203018606809,
    0.6952170294146732,
    0.4588297734118574,
    0.6759186145107263,
    0.6423489911789855,
    0.5276471430007379,
    0.6864306652623041,
    0.5009883656050602,
    0.5239794594948602,
    0.49664032162127725,
    0.8053720726629825,
    0.9617895908917711,
    0.6724639421654283,
    0.5140357394823333,
    0.5987756699105319,
    0.6983978094943787,
    0.5453375156343231,
    0.5965117357028769,
    0.5303886881329797,
    0.5711101360477095,
    0.523258531640092,
    0.7141619364219536,
    0.6362610953815755,
    0.6778240692937817,
    0.5597245570637114,
    0.6878782758546581,
    0.5471927118671257,
    0.5888727644190486,
    0.6525320427336113,
    0.7337400091989181,
    0.5300610646722755,
    0.6510842842192252,
    0.6324517598888397,
    0.6045510742246107,
    0.7491729228383888,
