{
  "games_played": 766707,
  "positions_trained": 943478784,
  "best_vs_random": 0,
  "best_vs_greedy": 0.0,
  "best_vs_positional": 0.0,
  "last_test_time": "2025-05-31T11:14:33.440174",
  "training_time_ratio": 0.5792678919885963,
  "average_loss": 0.0,
  "loss_history": [
    307.7115566855983,
    309.47710539165297,
    297.12522566945927,
    299.5174697072882,
    420.7388546592311,
    418.44751458418995,
    419.30911817048724,
    416.8408684981497,
    415.11652414422286,
    416.0548834549753,
    287.9450169613487,
    287.4677248503032,
    286.054343775699,
    287.9655926353053,
    283.3622838070518,
    283.9664961162366,
    463.01214198062297,
    460.9782995926706,
    462.74940249794406,
    466.3591710140831,
    473.6113514147307,
    458.3924223247327,
    230.46613432231703,
    233.32000812731292,
    225.48908073023745,
    231.35941836708471,
    226.5287672344007,
    235.72116771497224,
    413.54112163342927,
    411.1406161659642,
    407.744160702354,
    412.61700841000203,
    407.7371496903269,
    409.2506047299034,
    312.432941754659,
    306.50129922231037,
    307.1552686691284,
    313.4145991007487,
    306.68531640370685,
    307.4814558029175,
    485.009078176398,
    487.10348591051604,
    488.1204922324733,
    489.71332831131787,
    489.15261519582646,
    490.0341796875,
    289.6275887740286,
    296.27776296515214,
    298.1729904977899,
    298.79084095201995,
    293.92930522717927,
    289.36135783948396,
    413.7338810970909,
    418.90920137104234,
    413.38267276161594,
    415.3281145597759,
    416.2340128045333,
    417.06688971268505,
    143.80514225206878,
    145.93406777632865,
    144.01153303447524,
    146.81504641081156,
    145.49013940911544,
    145.17267648797286,
    140.003761693051,
    136.9339613663523,
    135.71633730436625,
    137.5049016852128,
    136.83039273713766,
    137.63016590319182,
    114.19639346474095,
    112.69313029239052,
    112.96465321591026,
    112.32538946051346,
    113.28311418232165,
    115.13576126098633,
    411.2999580784848,
    412.62934795178865,
    404.0314523797286,
    412.5087521201686,
    410.78954756887333,
    413.4850367495888,
    246.32730223003188,
    245.28376127544203,
    242.26542743883635,
    240.93136476215562,
    245.64363339072779,
    239.3312763414885,
    109.8267408672132,
    109.77327728271484,
    109.38971850746556,
    110.47908803036339,
    109.98298363936574,
    106.91980984336452,
    294.7933006286621,
    297.62124315897626,
    292.5786854426066,
    297.8163143793742,
    292.5243870417277,
    298.9448200861613
  ],
  "generation_times": [
    7.615987,
    6.511858,
    6.900402,
    6.487725,
    7.47566,
    6.212344,
    6.73488,
    7.668859,
    7.282867,
    7.432005,
    4.415616,
    4.063463,
    7.653585,
    7.506185,
    7.000638,
    7.670859,
    6.459819,
    7.00951,
    6.419068,
    7.928311
  ],
  "lr_history": [
    1e-08,
    1e-08,
    1e-08,
    1e-08,
    1e-08,
    1e-08,
    1e-08,
    1e-08,
    1e-08,
    1e-08,
    1e-08,
    1e-08,
    1e-08,
    1e-08,
    1e-08,
    1e-08,
    1e-08,
    1e-08,
    1e-08,
    1e-08,
    1e-08,
    1e-08,
    1e-08,
    1e-08,
    1e-08,
    1e-08,
    1e-08,
    1e-08,
    1e-08,
    1e-08,
    1e-08,
    1e-08,
    1e-08,
    1e-08,
    1e-08,
    1e-08,
    1e-08,
    1e-08,
    1e-08,
    1e-08,
    1e-08,
    1e-08,
    1e-08,
    1e-08,
    1e-08,
    1e-08,
    1e-08,
    1e-08,
    1e-08,
    1e-08,
    1e-08,
    1e-08,
    1e-08,
    1e-08,
    1e-08,
    1e-08,
    1e-08,
    1e-08,
    1e-08,
    1e-08,
    1e-08,
    1e-08,
    1e-08,
    1e-08,
    1e-08,
    1e-08,
    1e-08,
    1e-08,
    1e-08,
    1e-08,
    1e-08,
    1e-08,
    1e-08,
    1e-08,
    1e-08,
    1e-08,
    1e-08,
    1e-08,
    1e-08,
    1e-08,
    1e-08,
    1e-08,
    1e-08,
    1e-08,
    1e-08,
    1e-08,
    1e-08,
    1e-08,
    1e-08,
    1e-08,
    1e-08,
    1e-08,
    1e-08,
    1e-08,
    1e-08,
    1e-08,
    1e-08,
    1e-08,
    1e-08,
    1e-08
  ],
  "loss_explosion_count": 0,
  "weight_resets": 0,
  "generation": 13681
}